{
  "project_info": {
    "project_number": "582006091786",
    "firebase_url": "https://redai-79b10-default-rtdb.firebaseio.com",
    "project_id": "redai-79b10",
    "storage_bucket": "redai-79b10.appspot.com"
  },
  "client": [
    {
      "client_info": {
        "mobilesdk_app_id": "1:582006091786:android:bd16bfc19bf5bcdec2eff3",
        "android_client_info": {
          "package_name": "com.example.redai"
        }
      },
      "oauth_client": [
        {
          "client_id": "582006091786-obucn840q6083en996obnvvafc7hihds.apps.googleusercontent.com",
          "client_type": 1,
          "android_info": {
            "package_name": "com.example.redai",
            "certificate_hash": "52b217eeca024d042c48c3998990f01727f91e69"
          }
        },
        {
          "client_id": "582006091786-p4r1ilfm7mor01cr082on7p5mdbcludh.apps.googleusercontent.com",
          "client_type": 3
        }
      ],
      "api_key": [
        {
          "current_key": "AIzaSyCgtUuI3YaUenzoARMGA-ipkIBE0vN5tuA"
        }
      ],
      "services": {
        "appinvite_service": {
          "other_platform_oauth_client": [
            {
              "client_id": "582006091786-p4r1ilfm7mor01cr082on7p5mdbcludh.apps.googleusercontent.com",
              "client_type": 3
            }
          ]
        }
      }
    }
  ],
  "configuration_version": "1"
}